{
    "epoch": 3.0,
    "eval_accuracy": 0.548679060665362,
    "eval_loss": 0.9819477796554565,
    "eval_runtime": 1.9605,
    "eval_samples": 40,
    "eval_samples_per_second": 25.899,
    "eval_steps_per_second": 3.237,
    "max_memory_allocated (GB)": 74.08,
    "memory_allocated (GB)": 59.21,
    "perplexity": 2.66965107314121,
    "total_memory_available (GB)": 94.62,
    "train_loss": 0.9935503148370319,
    "train_runtime": 191.0012,
    "train_samples_per_second": 18.106,
    "train_steps_per_second": 1.132
}